[
  {
    "httpRequest": {
      "method": "GET",
      "path": "/api/customers/.*"
    },
    "httpResponse": {
      "statusCode": 200,
      "headers": {
        "Content-Type": ["application/json"]
      },
      "body": {
        "id": "12345",
        "name": "John Doe",
        "email": "john.doe@example.com",
        "status": "active"
      }
    }
  },
  {
    "httpRequest": {
      "method": "GET",
      "path": "/api/products/search"
    },
    "httpResponse": {
      "statusCode": 200,
      "body": {
        "results": [
          {
            "id": "PROD-001",
            "name": "Product 1",
            "price": 99.99
          }
        ]
      }
    }
  }
]
